姓名,证件号,课程代码,课程名称,学时,培训日期
张伟,110101199003077512,AQ-101,安全生产法规,4,2026-09-10
王芳,110101198505124820,AQ-104,电气安全基础,8,2026-09-11
李军,11010119881230416X,AQ-103,有限空间作业,6,2026-09-12
赵敏,110101199007155258,AQ-101,安全生产法规,8,2026-09-13
陈杰,110101198603206360,AQ-102,高处作业安全,12,2026-09-14
刘洋,110101199102187477,AQ-105,应急救援演练,4,2026-09-15
孙丽,110101198709098580,AQ-104,电气安全基础,2.5,2026-09-16
周涛,110101199005237612,AQ-103,有限空间作业,12,2026-09-17
,110101199212063336,AQ-101,安全生产法规,4,2026-09-10
吴,110101198911204447,AQ-101,安全生产法规,4,2026-09-10
郑斌,110101198811304140,AQ-101,安全生产法规,4,2026-09-10
冯雪,1101011990030775,AQ-101,安全生产法规,4,2026-09-10
褚亮,110101199102237710,AQ-999,不存在的课程,4,2026-09-10
卫华,110101198606158827,AQ-101,高处作业安全,4,2026-09-10
蒋欣,110101199308296935,AQ-101,安全生产法规,0,2026-09-10
沈括,110101198707107041,AQ-101,安全生产法规,-2,2026-09-10
韩梅,110101199001218158,AQ-101,安全生产法规,9,2026-09-10
杨光,110101198905059263,AQ-102,高处作业安全,4.55,2026-09-10
朱丽,110101199110117372,AQ-103,有限空间作业,60,2026-09-10
秦刚,110101198802184483,AQ-104,电气安全基础,4,2026/09/10
许晴,11010119930623559X,AQ-104,电气安全基础,4,2026-02-30
何勇,110101198409296606,AQ-104,电气安全基础,4,2027-01-01
张伟,110101199003077512,AQ-101,安全生产法规,4,2026-09-10
吕强,110101199201057715,AQ-102,高处作业安全,14,2026-09-18
孔燕,11010119871117882X,AQ-105,应急救援演练,6,2026-09-19
曹阳,110101199003019996,AQ-103,有限空间作业,6,2026-09-20
严华,110101198608253334,AQ-106,职业健康培训,4,2026-09-21
